fips_code,county,state,sum
48001,Anderson,Texas,570020
48003,Andrews,Texas,444564
48005,Angelina,Texas,736472
48007,Aransas,Texas,474853
48009,Archer,Texas,79364
48011,Armstrong,Texas,11444
48013,Atascosa,Texas,104609
48015,Austin,Texas,167159
48017,Bailey,Texas,84279
48019,Bandera,Texas,96
48021,Bastrop,Texas,606332
48023,Baylor,Texas,643
48025,Bee,Texas,1294519
48029,Bexar,Texas,2464495
48033,Borden,Texas,1149
48037,Bowie,Texas,804254
48039,Brazoria,Texas,378349
48041,Brazos,Texas,4219
48043,Brewster,Texas,340198
48045,Briscoe,Texas,6659
48047,Brooks,Texas,156577
48049,Brown,Texas,78036
48051,Burleson,Texas,154059
48053,Burnet,Texas,1
48055,Caldwell,Texas,202916
48057,Calhoun,Texas,72175
48059,Callahan,Texas,61023
48061,Cameron,Texas,906299
48063,Camp,Texas,191663
48065,Carson,Texas,100548
48067,Cass,Texas,325596
48069,Castro,Texas,14353
48071,Chambers,Texas,240944
48073,Cherokee,Texas,2115469
48075,Childress,Texas,46744
48077,Clay,Texas,31641
48079,Cochran,Texas,25340
48081,Coke,Texas,30448
48083,Coleman,Texas,7647
48085,Collin,Texas,1948543
48087,Collingsworth,Texas,372410
48089,Colorado,Texas,296585
48091,Comal,Texas,39163
48093,Comanche,Texas,16370
48095,Concho,Texas,4585
48097,Cooke,Texas,80324
48099,Coryell,Texas,131705
48101,Cottle,Texas,695
48103,Crane,Texas,54438
48105,Crockett,Texas,27441
48107,Crosby,Texas,54466
48109,Culberson,Texas,396529
48111,Dallam,Texas,32068
48113,Dallas,Texas,8321314
48115,Dawson,Texas,560055
48117,Deaf Smith,Texas,50375
48119,Delta,Texas,11750
48121,Denton,Texas,968317
48123,DeWitt,Texas,117687
48125,Dickens,Texas,12469
48127,Dimmit,Texas,146571
48129,Donley,Texas,143449
48131,Duval,Texas,241512
48133,Eastland,Texas,117584
48135,Ector,Texas,2203449
48137,Edwards,Texas,7009
48139,Ellis,Texas,991870
48141,El Paso,Texas,2612880
48143,Erath,Texas,134440
48145,Falls,Texas,135826
48147,Fannin,Texas,63713
48149,Fayette,Texas,43713
48151,Fisher,Texas,17224
48153,Floyd,Texas,39992
48155,Foard,Texas,4247
48157,Fort Bend,Texas,1157467
48159,Franklin,Texas,111486
48161,Freestone,Texas,200902
48163,Frio,Texas,116245
48165,Gaines,Texas,131249
48167,Galveston,Texas,588078
48169,Garza,Texas,9726
48173,Glasscock,Texas,94533
48175,Goliad,Texas,57063
48177,Gonzales,Texas,133842
48179,Gray,Texas,135845
48181,Grayson,Texas,585293
48183,Gregg,Texas,2051875
48185,Grimes,Texas,523033
48187,Guadalupe,Texas,424828
48189,Hale,Texas,165669
48191,Hall,Texas,240520
48195,Hansford,Texas,23711
48197,Hardeman,Texas,22318
48199,Hardin,Texas,420972
48201,Harris,Texas,7818866
48203,Harrison,Texas,415425
48205,Hartley,Texas,21989
48207,Haskell,Texas,14661
48209,Hays,Texas,12616
48211,Hemphill,Texas,28884
48213,Henderson,Texas,668157
48215,Hidalgo,Texas,2721916
48217,Hill,Texas,206429
48219,Hockley,Texas,63932
48221,Hood,Texas,32355
48223,Hopkins,Texas,466264
48225,Houston,Texas,88930
48227,Howard,Texas,227102
48229,Hudspeth,Texas,94520
48231,Hunt,Texas,104877
48233,Hutchinson,Texas,272040
48235,Irion,Texas,11807
48237,Jack,Texas,27632
48239,Jackson,Texas,76361
48241,Jasper,Texas,111
48243,Jeff Davis,Texas,48875
48245,Jefferson,Texas,1633550
48247,Jim Hogg,Texas,77617
48249,Jim Wells,Texas,216357
48251,Johnson,Texas,432996
48253,Jones,Texas,37533
48255,Karnes,Texas,51162
48257,Kaufman,Texas,267773
48261,Kenedy,Texas,3368
48263,Kent,Texas,312
48267,Kimble,Texas,9909
48271,Kinney,Texas,33506
48273,Kleberg,Texas,334879
48275,Knox,Texas,4009
48277,Lamar,Texas,160071
48279,Lamb,Texas,141766
48281,Lampasas,Texas,2347
48283,La Salle,Texas,86504
48285,Lavaca,Texas,177922
48287,Lee,Texas,148113
48289,Leon,Texas,157853
48291,Liberty,Texas,738543
48293,Limestone,Texas,114107
48295,Lipscomb,Texas,48242
48297,Live Oak,Texas,96020
48301,Loving,Texas,15405
48303,Lubbock,Texas,38770
48305,Lynn,Texas,28143
48307,McCulloch,Texas,2672
48309,McLennan,Texas,1020243
48311,McMullen,Texas,10726
48313,Madison,Texas,237787
48315,Marion,Texas,55939
48317,Martin,Texas,82343
48321,Matagorda,Texas,351283
48323,Maverick,Texas,225837
48325,Medina,Texas,1717834
48327,Menard,Texas,865
48329,Midland,Texas,1332720
48331,Milam,Texas,174713
48335,Mitchell,Texas,130402
48337,Montague,Texas,411
48339,Montgomery,Texas,3391657
48341,Moore,Texas,161756
48343,Morris,Texas,307187
48345,Motley,Texas,1735
48347,Nacogdoches,Texas,498811
48349,Navarro,Texas,161656
48351,Newton,Texas,449
48353,Nolan,Texas,173870
48355,Nueces,Texas,2687693
48357,Ochiltree,Texas,102249
48359,Oldham,Texas,13785
48361,Orange,Texas,709729
48363,Palo Pinto,Texas,225084
48365,Panola,Texas,492194
48367,Parker,Texas,402187
48369,Parmer,Texas,67894
48371,Pecos,Texas,111468
48373,Polk,Texas,40809
48375,Potter,Texas,559386
48377,Presidio,Texas,35857
48379,Rains,Texas,2247
48381,Randall,Texas,600825
48383,Reagan,Texas,20656
48385,Real,Texas,18892
48387,Red River,Texas,65962
48389,Reeves,Texas,2314
48391,Refugio,Texas,123332
48393,Roberts,Texas,51246
48395,Robertson,Texas,29381
48397,Rockwall,Texas,421249
48399,Runnels,Texas,6973
48401,Rusk,Texas,2117298
48407,San Jacinto,Texas,395584
48409,San Patricio,Texas,464893
48413,Schleicher,Texas,35202
48415,Scurry,Texas,64169
48417,Shackelford,Texas,14574
48419,Shelby,Texas,114005
48421,Sherman,Texas,27838
48423,Smith,Texas,1675099
48427,Starr,Texas,373443
48429,Stephens,Texas,70726
48431,Sterling,Texas,658
48433,Stonewall,Texas,6762
48435,Sutton,Texas,8046
48437,Swisher,Texas,19459
48439,Tarrant,Texas,9671707
48441,Taylor,Texas,127939
48445,Terry,Texas,1261
48447,Throckmorton,Texas,21367
48449,Titus,Texas,155574
48451,Tom Green,Texas,273940
48453,Travis,Texas,4068174
48455,Trinity,Texas,145153
48457,Tyler,Texas,511364
48459,Upshur,Texas,262216
48461,Upton,Texas,63339
48463,Uvalde,Texas,260630
48465,Val Verde,Texas,611074
48467,Van Zandt,Texas,496907
48469,Victoria,Texas,240149
48471,Walker,Texas,992688
48473,Waller,Texas,381907
48475,Ward,Texas,224790
48477,Washington,Texas,268153
48479,Webb,Texas,561475
48481,Wharton,Texas,129470
48483,Wheeler,Texas,550606
48485,Wichita,Texas,424267
48487,Wilbarger,Texas,109464
48489,Willacy,Texas,62929
48491,Williamson,Texas,1278352
48493,Wilson,Texas,51083
48495,Winkler,Texas,65648
48497,Wise,Texas,238745
48499,Wood,Texas,205592
48501,Yoakum,Texas,91762
48503,Young,Texas,28894
48505,Zapata,Texas,164643
48507,Zavala,Texas,145673
